{"cameraMode":{"drawMode":0,"name":"Shaded","section":"Shading Mode"},"sceneLighting":true,"audioPlay":false,"sceneViewState":{"m_AlwaysRefresh":false,"showFog":true,"showSkybox":true,"showFlares":true,"showImageEffects":true,"showParticleSystems":true,"showVisualEffectGraphs":true,"m_FxEnabled":true},"in2DMode":false,"pivot":{"x":-0.37839484214782717,"y":3.613692045211792,"z":-0.9710109829902649},"rotation":{"x":-0.024028470739722253,"y":0.5359203219413757,"z":-0.015322497114539147,"w":-0.8438432812690735},"size":3.307790517807007,"orthographic":false}