{"cameraMode":{"drawMode":0,"name":"Shaded","section":"Shading Mode"},"sceneLighting":true,"audioPlay":false,"sceneViewState":{"m_AlwaysRefresh":false,"showFog":true,"showSkybox":true,"showFlares":true,"showImageEffects":true,"showParticleSystems":true,"showVisualEffectGraphs":true,"m_FxEnabled":true},"in2DMode":false,"pivot":{"x":-1.1204016208648682,"y":1.3278162479400635,"z":0.5119361877441406},"rotation":{"x":0.16650666296482087,"y":-0.8310920000076294,"z":0.33870986104011538,"w":0.40853264927864077},"size":2.1089370250701906,"orthographic":false}