{"cameraMode":{"drawMode":0,"name":"Shaded","section":"Shading Mode"},"sceneLighting":false,"audioPlay":false,"sceneViewState":{"m_AlwaysRefresh":false,"showFog":true,"showSkybox":false,"showFlares":true,"showImageEffects":true,"showParticleSystems":true,"showVisualEffectGraphs":true,"m_FxEnabled":true},"in2DMode":false,"pivot":{"x":-0.8057224750518799,"y":0.5809276700019836,"z":5.880309581756592},"rotation":{"x":-0.036557745188474658,"y":0.696457028388977,"z":-0.035536739975214007,"w":-0.7158858180046082},"size":1.1316943168640137,"orthographic":false}